{"test/loss": 1.6755359172821045, "test/cer": 0.3780722916126251, "test/wer": 0.660991370677948, "test/acc": 0.5426000356674194, "dev/loss": 1.5608786344528198, "dev/cer": 0.3516777455806732, "dev/wer": 0.6311100721359253, "dev/acc": 0.5698204040527344, "epoch": 21, "trainer/global_step": 49999, "_timestamp": 1723696370.4466696, "_runtime": 54540.03914451599, "_step": 2050, "lr-AdamW/pg1": 2.0202020202020204e-10, "lr-AdamW/pg2": 2.0202020202020204e-10, "train/loss": 1.7672253847122192, "_wandb": {"runtime": 54545}}